record_id,headline,published_at,source_kind,publisher,canonical_url,story
RVN-2026-001,Bus depot roof contract amended after second leak,2026-01-08T09:20:00Z,news_story,Riverton Ledger,https://frisket-dev.github.io/frisket-samples/riverton/dispatches/RVN-2026-001.html,"Transit officials added $480,000 to contract CTR-2025-118 with Northstar Civil LLC after rain entered the east maintenance bay for the second time in four months. Agency director Mina Shah said the amendment covers drainage work that was not included in the original $1.1 million roof replacement."
RVN-2026-002,Audit committee questions emergency depot procurement,2026-01-12T18:05:00Z,meeting_note,Civic Records Desk,https://frisket-dev.github.io/frisket-samples/riverton/dispatches/RVN-2026-002.html,"Members of Riverton's audit committee questioned why the Transit Authority used an emergency exception for CTR-2026-014, a $2.4 million depot stabilization contract awarded to Northstar Civil LLC. Chief financial officer Lena Ortiz told the committee that engineers found a risk of falling masonry on December 18 and that regular bidding would have delayed work until March.

Committee member Paul Nwosu pointed to a December 10 email in which purchasing staff had already asked Northstar for a price. Ortiz said the earlier request concerned a smaller inspection and was unrelated to the later emergency. Northstar president Caleb Ward said in a statement that the company did not know it would receive the stabilization work when it priced the inspection.

The committee requested the engineering report, the earlier quote, and a written timeline before its February 3 meeting. It did not allege that the award violated city rules."
RVN-2026-003,What changed in the water authority's testing account,2026-01-19T07:30:00Z,records_analysis,Riverton Ledger,https://frisket-dev.github.io/frisket-samples/riverton/dispatches/RVN-2026-003.html,"For six months, the Riverton Water Authority described CTR-2026-021 as a routine data-services purchase. Records released Friday show the $760,000 agreement with Harbor Analytics also pays the firm to design the rules that decide which household lead tests receive follow-up.

The chronology begins in August, when laboratory manager Imani Brooks warned that 1,840 test results could not be matched to a service-line address. Brooks recommended hiring temporary clerks. In September, deputy director Evan Bell instead invited Harbor Analytics to demonstrate its matching software. The authority signed a letter of intent on October 4, although the board did not approve the contract until November 17.

Harbor's proposal promised a confidence score for every address. An internal memo later instructed staff to defer follow-up when the score fell below 0.65. Two neighborhood clinics said they were never told that an automated score could delay a new test. Bell said the score only prioritizes manual review and never cancels one. Brooks, who left the authority in December, said reviewers were reassigned after the tool launched.

The contract identifies data matching as the main deliverable but also includes policy design, staff training, and a possible $190,000 extension. Board chair Sofia Alvarez said she had understood the work to be technical. She asked counsel to determine whether the broader scope should return for a public vote. Harbor Analytics said the authority, not the company, sets all public-health policy."
RVN-2026-004,Early-morning odor complaints logged near Atlas Plating,2026-01-20T11:12:00Z,public_log,Riverton Environment Desk,https://frisket-dev.github.io/frisket-samples/riverton/dispatches/RVN-2026-004.html,"Three residents reported a sharp odor near Atlas Plating between 5:50 and 7:10 a.m. Tuesday. The city log says an inspector arrived after the odor had dispersed. No violation was issued, and the cause remains open."
RVN-2026-005,Council approves shelter meals deal after split vote,2026-01-22T22:40:00Z,meeting_note,Civic Records Desk,https://frisket-dev.github.io/frisket-samples/riverton/dispatches/RVN-2026-005.html,"The City Council voted 5-4 to approve CTR-2026-033 with Meridian Food Services, which will supply meals to three emergency shelters for up to $1.85 million over two years. Council member June Park objected that the winning proposal budgeted 11 percent less for fresh produce than the other finalist. Human Services commissioner Andre Cole said Meridian's new local kitchen would reduce delivery failures. The agreement requires monthly temperature and nutrition reports, but those reports will not be posted automatically."
RVN-2026-006,Anonymous tip alleges shelter invoices list undelivered meals,2026-01-27T15:15:00Z,tip,Riverton Ledger Tip Line,https://frisket-dev.github.io/frisket-samples/riverton/dispatches/RVN-2026-006.html,An anonymous shelter employee says two January invoices under CTR-2026-033 billed the city for breakfasts that were not delivered during a kitchen closure. The tip included invoice numbers but no copies. Meridian Food Services and the Human Services Department have not yet responded. The allegation has not been independently verified.
RVN-2026-007,Former security subcontractor sues Cedar Bridge,2026-02-02T10:45:00Z,court_report,Riverton Ledger,https://frisket-dev.github.io/frisket-samples/riverton/dispatches/RVN-2026-007.html,"A former subcontractor sued Cedar Bridge Security on Monday, alleging that the company withheld $146,000 for work at Riverton public schools. The complaint names city contract CTR-2025-077 but does not accuse the school district of wrongdoing. Cedar Bridge said the subcontractor missed staffing requirements and that the retained money covers penalties. A case-management conference is set for April 9 before Judge Naomi Vega."
RVN-2026-008,School board seeks records after guard vacancies,2026-02-05T20:02:00Z,meeting_note,Civic Records Desk,https://frisket-dev.github.io/frisket-samples/riverton/dispatches/RVN-2026-008.html,"School board members ordered a review of CTR-2025-077 after principals reported 38 unfilled security shifts in January. Cedar Bridge Security was paid $312,400 for the month, according to the district's check register. Superintendent Malik Reed said payments are reconciled each quarter and may be reduced if vacancies are confirmed. Board member Theresa Kim asked for shift logs, invoices, and penalty calculations by the next public meeting."
RVN-2026-009,Ethics filing discloses family tie to library software vendor,2026-02-08T08:10:00Z,records_brief,Riverton Ledger,https://frisket-dev.github.io/frisket-samples/riverton/dispatches/RVN-2026-009.html,"Library trustee Marta Singh disclosed that her brother works for Bright Harbor Systems, the vendor selected for software pilot CTR-2026-041. Minutes show Singh left the room before the vote. The $184,000 pilot was approved unanimously by the remaining trustees. City ethics counsel Ramon Ellis said the disclosure and recusal satisfy the conflict policy; he has not reviewed whether Singh participated in earlier demonstrations."
RVN-2026-010,Library pilot will rank patron requests for digitization,2026-02-10T13:25:00Z,news_story,Riverton Ledger,https://frisket-dev.github.io/frisket-samples/riverton/dispatches/RVN-2026-010.html,"Under CTR-2026-041, Bright Harbor Systems will build a tool that groups and ranks requests to digitize photographs, newspapers, and oral-history tapes. Library director Celia Grant said staff will make every final decision. The contract lets the vendor retain de-identified usage data for product improvement, a provision the local history association wants clarified before uploads begin in May."
RVN-2026-011,Ambulance response extension carries new staffing targets,2026-02-14T06:50:00Z,contract_brief,Riverton Health Desk,https://frisket-dev.github.io/frisket-samples/riverton/dispatches/RVN-2026-011.html,Riverton extended ambulance contract CTR-2024-205 with Valley Response Cooperative through June 2027. The $6.2 million amendment requires two additional overnight crews and an eight-minute median response time in the north district. The previous agreement measured performance citywide. Health commissioner Asha Franklin said neighborhood-level figures will be published quarterly.
RVN-2026-012,Union grievance says ambulance breaks remain understaffed,2026-02-18T17:30:00Z,labor_filing,Riverton Health Desk,https://frisket-dev.github.io/frisket-samples/riverton/dispatches/RVN-2026-012.html,Paramedics Local 44 filed a grievance saying Valley Response Cooperative counts supervisors as available crew members while they are assigned to dispatch duties. The filing cites CTR-2024-205 and asks the city to audit three months of schedules. Valley Response said supervisors are licensed to answer calls and are counted only when an ambulance is available.
RVN-2026-013,Bridge change order follows discovery of corroded joints,2026-02-22T12:00:00Z,news_story,Riverton Ledger,https://frisket-dev.github.io/frisket-samples/riverton/dispatches/RVN-2026-013.html,"The Public Works Department proposed a $925,000 change order to CTR-2025-162 after crews found corrosion inside 14 expansion joints on the Monroe Avenue bridge. Project manager Victor Chen said the condition could not be seen during surface inspections. The contractor, Eastbank Infrastructure, has requested a 63-day extension. A 2023 consultant's photograph appears to show rust near one of the affected joints, though the consultant's report rated it serviceable."
RVN-2026-014,Public works releases bridge inspection photographs,2026-02-24T16:35:00Z,records_release,Civic Records Desk,https://frisket-dev.github.io/frisket-samples/riverton/dispatches/RVN-2026-014.html,The city released 217 photographs and four inspection memos connected to the Monroe Avenue bridge project. File names indicate that six interior joints were photographed before bids were opened for CTR-2025-162. The records do not say whether Eastbank Infrastructure received those images. Public Works says it is searching archived procurement folders.
RVN-2026-015,Mayor announces neighborhood tree program,2026-03-01T14:00:00Z,press_release,Office of Mayor Elena Ruiz,https://frisket-dev.github.io/frisket-samples/riverton/dispatches/RVN-2026-015.html,"Mayor Elena Ruiz announced a plan to plant 3,000 trees over four years, with the first work focused on the heat-vulnerable East Ward. The release does not identify a contractor or funding account. A detailed proposal is expected with the mayor's capital budget next month."
RVN-2026-016,Tree inventory award goes to firm that advised campaign,2026-03-04T09:55:00Z,records_analysis,Riverton Ledger,https://frisket-dev.github.io/frisket-samples/riverton/dispatches/RVN-2026-016.html,"The Parks Department awarded CTR-2026-052, a $398,000 tree inventory, to Greenline Civic Data. State filings show Greenline founder Owen Price was paid $12,500 by Mayor Elena Ruiz's campaign for mapping advice in 2024. The mayor's office said Ruiz had no role in scoring the five bids. Parks procurement chair Felicia Moore said Greenline received the highest technical score but was not the lowest bidder. The scoring sheets list experience, data portability, and community engagement as the deciding factors. Price said the campaign work was disclosed in Greenline's bid."
RVN-2026-017,Correction: tree contract amount,2026-03-04T18:30:00Z,correction,Riverton Ledger,https://frisket-dev.github.io/frisket-samples/riverton/dispatches/RVN-2026-017.html,"An earlier version of our report misstated the ceiling for CTR-2026-052. The contract is worth up to $398,000, not $389,000."
RVN-2026-018,Housing testimony asks council to delay Foundry rezoning,2026-03-07T21:05:00Z,public_comment,Civic Records Desk,https://frisket-dev.github.io/frisket-samples/riverton/dispatches/RVN-2026-018.html,Residents at a four-hour hearing asked the council to postpone the Foundry District rezoning until a traffic study includes weekend games at Riverton Stadium. Supporters said the proposed 640 apartments would add needed homes near two bus lines. The council closed public testimony but scheduled no vote.
RVN-2026-019,Finance office flags duplicate software invoice,2026-03-11T08:45:00Z,internal_memo,Civic Records Desk,https://frisket-dev.github.io/frisket-samples/riverton/dispatches/RVN-2026-019.html,"A Finance Department memo says Bright Harbor Systems submitted two invoices with the same service dates under CTR-2026-041. One invoice was stopped before payment; the other, for $28,400, had already cleared. Library director Celia Grant called the duplicate a clerical mistake. The vendor said it has issued a credit and is reviewing its billing system."
RVN-2026-020,City cancels parking-sensor purchase before installation,2026-03-14T11:40:00Z,contract_brief,Riverton Ledger,https://frisket-dev.github.io/frisket-samples/riverton/dispatches/RVN-2026-020.html,"The Transportation Department canceled CTR-2026-060 with Kerbside Labs after a pilot sensor failed the city's winter water-resistance test. No devices were installed and the city paid $22,000 for design work. Kerbside said its revised enclosure passed an independent test, but the result arrived after Riverton's cancellation deadline."
RVN-2026-021,Vendor protests cancellation of parking sensor deal,2026-03-16T15:05:00Z,legal_letter,Civic Records Desk,https://frisket-dev.github.io/frisket-samples/riverton/dispatches/RVN-2026-021.html,"Kerbside Labs asked Riverton to reverse the cancellation of CTR-2026-060, arguing that the city's water test used a pressure setting not listed in the solicitation. Transportation purchasing officer Gabriel Stone said the setting reproduces snowplow spray and was discussed at a bidders' conference. The city has paused a replacement solicitation while its law department reviews the protest."
RVN-2026-022,How Riverton's emergency purchasing exception works,2026-03-19T07:00:00Z,explainer,Riverton Ledger,https://frisket-dev.github.io/frisket-samples/riverton/dispatches/RVN-2026-022.html,"Riverton agencies may bypass ordinary bidding when delay threatens life, property, or an essential public service. The agency head must describe the emergency in writing, purchasing staff must document why the chosen price is reasonable, and the audit committee reviews awards above $250,000.

Those rules are central to questions about CTR-2026-014, the Transit Authority's depot stabilization award. The written declaration cites falling masonry and winter weather. It does not mention the earlier inspection quote sought from Northstar Civil LLC. Procurement specialists interviewed by the Ledger disagreed on whether that omission matters: one said the earlier contact shows useful preparation, while another said it could narrow competition before an emergency is formally declared.

Emergency status does not eliminate all competition. Riverton's manual asks agencies to seek three informal quotes when time permits. Transit officials contacted two companies; the second declined because its crews were committed through February. The authority has not identified a third company. Audit committee members have requested the complete contact log."
RVN-2026-023,Clinic coalition requests lead-test appeal process,2026-03-23T12:25:00Z,open_letter,Riverton Health Coalition,https://frisket-dev.github.io/frisket-samples/riverton/dispatches/RVN-2026-023.html,Seven neighborhood clinics asked the Water Authority to create an appeal process for addresses assigned low confidence by the system purchased under CTR-2026-021. Their letter says residents should be told when a matching score delays review and should be able to submit a lease or utility bill as proof. Deputy director Evan Bell said the authority will respond after its April board meeting.
RVN-2026-024,"Weekend calendar: hearings, cleanups and a bridge closure",2026-03-27T16:00:00Z,community_calendar,Riverton Ledger,https://frisket-dev.github.io/frisket-samples/riverton/dispatches/RVN-2026-024.html,The Foundry rezoning hearing resumes Saturday at 10 a.m. East Ward volunteers meet at Carver Park at 9 a.m. for a creek cleanup. The Monroe Avenue bridge closes from midnight Friday until 5 a.m. Monday for joint repairs; buses 4 and 11 will use Harbor Street.
